project_ID	sample
HallAB_2017.PRJNA385949	SRR5650021
HallAB_2017.PRJNA385949	SRR5650022
HallAB_2017.PRJNA385949	SRR5650023
HallAB_2017.PRJNA385949	SRR5650024
HallAB_2017.PRJNA385949	SRR5650025
HallAB_2017.PRJNA385949	SRR5650026
HallAB_2017.PRJNA385949	SRR5650027
HallAB_2017.PRJNA385949	SRR5650028
HallAB_2017.PRJNA385949	SRR5650029
HallAB_2017.PRJNA385949	SRR5650030
HallAB_2017.PRJNA385949	SRR5650031
HallAB_2017.PRJNA385949	SRR5650032
HallAB_2017.PRJNA385949	SRR5650033
HallAB_2017.PRJNA385949	SRR5650034
HallAB_2017.PRJNA385949	SRR5650035
HallAB_2017.PRJNA385949	SRR5650036
HallAB_2017.PRJNA385949	SRR5650037
HallAB_2017.PRJNA385949	SRR5650038
HallAB_2017.PRJNA385949	SRR5650039
HallAB_2017.PRJNA385949	SRR5650040
HallAB_2017.PRJNA385949	SRR5650041
HallAB_2017.PRJNA385949	SRR5650042
HallAB_2017.PRJNA385949	SRR5650043
HallAB_2017.PRJNA385949	SRR5650044
HallAB_2017.PRJNA385949	SRR5650045
HallAB_2017.PRJNA385949	SRR5650046
HallAB_2017.PRJNA385949	SRR5650047
HallAB_2017.PRJNA385949	SRR5650048
HallAB_2017.PRJNA385949	SRR5650049
HallAB_2017.PRJNA385949	SRR5650050
HallAB_2017.PRJNA385949	SRR5650051
HallAB_2017.PRJNA385949	SRR5650052
HallAB_2017.PRJNA385949	SRR5650053
HallAB_2017.PRJNA385949	SRR5650054
HallAB_2017.PRJNA385949	SRR5650055
HallAB_2017.PRJNA385949	SRR5650056
HallAB_2017.PRJNA385949	SRR5650057
HallAB_2017.PRJNA385949	SRR5650058
HallAB_2017.PRJNA385949	SRR5650059
HallAB_2017.PRJNA385949	SRR5650060
HallAB_2017.PRJNA385949	SRR5650061
HallAB_2017.PRJNA385949	SRR5650062
HallAB_2017.PRJNA385949	SRR5650063
HallAB_2017.PRJNA385949	SRR5650064
HallAB_2017.PRJNA385949	SRR5650065
HallAB_2017.PRJNA385949	SRR5650066
HallAB_2017.PRJNA385949	SRR5650067
HallAB_2017.PRJNA385949	SRR5650068
HallAB_2017.PRJNA385949	SRR5650069
HallAB_2017.PRJNA385949	SRR5650070
HallAB_2017.PRJNA385949	SRR5650071
HallAB_2017.PRJNA385949	SRR5650072
HallAB_2017.PRJNA385949	SRR5650073
HallAB_2017.PRJNA385949	SRR5650074
HallAB_2017.PRJNA385949	SRR5650075
HallAB_2017.PRJNA385949	SRR5650076
HallAB_2017.PRJNA385949	SRR5650077
HallAB_2017.PRJNA385949	SRR5650078
HallAB_2017.PRJNA385949	SRR5650079
HallAB_2017.PRJNA385949	SRR5650080
HallAB_2017.PRJNA385949	SRR5650081
HallAB_2017.PRJNA385949	SRR5650082
HallAB_2017.PRJNA385949	SRR5650083
HallAB_2017.PRJNA385949	SRR5650084
HallAB_2017.PRJNA385949	SRR5650085
HallAB_2017.PRJNA385949	SRR5650086
HallAB_2017.PRJNA385949	SRR5650087
HallAB_2017.PRJNA385949	SRR5650088
HallAB_2017.PRJNA385949	SRR5650089
HallAB_2017.PRJNA385949	SRR5650090
HallAB_2017.PRJNA385949	SRR5650091
HallAB_2017.PRJNA385949	SRR5650092
HallAB_2017.PRJNA385949	SRR5650093
HallAB_2017.PRJNA385949	SRR5650094
HallAB_2017.PRJNA385949	SRR5650095
HallAB_2017.PRJNA385949	SRR5650096
HallAB_2017.PRJNA385949	SRR5650097
HallAB_2017.PRJNA385949	SRR5650098
HallAB_2017.PRJNA385949	SRR5650099
HallAB_2017.PRJNA385949	SRR5650100
HallAB_2017.PRJNA385949	SRR5650101
HallAB_2017.PRJNA385949	SRR5650102
HallAB_2017.PRJNA385949	SRR5650103
HallAB_2017.PRJNA385949	SRR5650104
HallAB_2017.PRJNA385949	SRR5650105
HallAB_2017.PRJNA385949	SRR5650106
HallAB_2017.PRJNA385949	SRR5650107
HallAB_2017.PRJNA385949	SRR5650108
HallAB_2017.PRJNA385949	SRR5650109
HallAB_2017.PRJNA385949	SRR5650110
HallAB_2017.PRJNA385949	SRR5650111
HallAB_2017.PRJNA385949	SRR5650112
HallAB_2017.PRJNA385949	SRR5650113
HallAB_2017.PRJNA385949	SRR5650114
HallAB_2017.PRJNA385949	SRR5650115
HallAB_2017.PRJNA385949	SRR5650116
HallAB_2017.PRJNA385949	SRR5650117
HallAB_2017.PRJNA385949	SRR5650118
HallAB_2017.PRJNA385949	SRR5650119
HallAB_2017.PRJNA385949	SRR5650120
HallAB_2017.PRJNA385949	SRR5650121
HallAB_2017.PRJNA385949	SRR5650122
HallAB_2017.PRJNA385949	SRR5650123
HallAB_2017.PRJNA385949	SRR5650124
HallAB_2017.PRJNA385949	SRR5650125
HallAB_2017.PRJNA385949	SRR5650126
HallAB_2017.PRJNA385949	SRR5650127
HallAB_2017.PRJNA385949	SRR5650128
HallAB_2017.PRJNA385949	SRR5650129
HallAB_2017.PRJNA385949	SRR5650130
HallAB_2017.PRJNA385949	SRR5650131
HallAB_2017.PRJNA385949	SRR5650132
HallAB_2017.PRJNA385949	SRR5650133
HallAB_2017.PRJNA385949	SRR5650134
HallAB_2017.PRJNA385949	SRR5650135
HallAB_2017.PRJNA385949	SRR5650136
HallAB_2017.PRJNA385949	SRR5650137
HallAB_2017.PRJNA385949	SRR5650138
HallAB_2017.PRJNA385949	SRR5650139
HallAB_2017.PRJNA385949	SRR5650140
HallAB_2017.PRJNA385949	SRR5650141
HallAB_2017.PRJNA385949	SRR5650142
HallAB_2017.PRJNA385949	SRR5650143
HallAB_2017.PRJNA385949	SRR5650144
HallAB_2017.PRJNA385949	SRR5650145
HallAB_2017.PRJNA385949	SRR5650146
HallAB_2017.PRJNA385949	SRR5650147
HallAB_2017.PRJNA385949	SRR5650148
HallAB_2017.PRJNA385949	SRR5650149
HallAB_2017.PRJNA385949	SRR5650150
HallAB_2017.PRJNA385949	SRR5650151
HallAB_2017.PRJNA385949	SRR5650152
HallAB_2017.PRJNA385949	SRR5650153
HallAB_2017.PRJNA385949	SRR5650154
HallAB_2017.PRJNA385949	SRR5650155
HallAB_2017.PRJNA385949	SRR5650156
HallAB_2017.PRJNA385949	SRR5650157
HallAB_2017.PRJNA385949	SRR5650158
HallAB_2017.PRJNA385949	SRR5650159
HallAB_2017.PRJNA385949	SRR5650160
HallAB_2017.PRJNA385949	SRR5650161
HallAB_2017.PRJNA385949	SRR5650162
HallAB_2017.PRJNA385949	SRR5650163
HallAB_2017.PRJNA385949	SRR5650164
HallAB_2017.PRJNA385949	SRR5650165
HallAB_2017.PRJNA385949	SRR5650166
HallAB_2017.PRJNA385949	SRR5650167
HallAB_2017.PRJNA385949	SRR5650168
HallAB_2017.PRJNA385949	SRR5650169
HallAB_2017.PRJNA385949	SRR5650171
HallAB_2017.PRJNA385949	SRR5650172
HallAB_2017.PRJNA385949	SRR5650173
HallAB_2017.PRJNA385949	SRR5650174
HallAB_2017.PRJNA385949	SRR5650175
HallAB_2017.PRJNA385949	SRR5650176
HallAB_2017.PRJNA385949	SRR5650177
HallAB_2017.PRJNA385949	SRR5650178
HallAB_2017.PRJNA385949	SRR5650179
HallAB_2017.PRJNA385949	SRR5650180
HallAB_2017.PRJNA385949	SRR5650181
HallAB_2017.PRJNA385949	SRR5650182
HallAB_2017.PRJNA385949	SRR5650183
HallAB_2017.PRJNA385949	SRR5650184
HallAB_2017.PRJNA385949	SRR5650185
HallAB_2017.PRJNA385949	SRR5650186
HallAB_2017.PRJNA385949	SRR5650187
HallAB_2017.PRJNA385949	SRR5650188
HallAB_2017.PRJNA385949	SRR5650189
HallAB_2017.PRJNA385949	SRR5650190
LloydPriceJ_2019.PRJNA398089	SRR5935740
LloydPriceJ_2019.PRJNA398089	SRR5935741
LloydPriceJ_2019.PRJNA398089	SRR5935744
LloydPriceJ_2019.PRJNA398089	SRR5935745
LloydPriceJ_2019.PRJNA398089	SRR5935746
LloydPriceJ_2019.PRJNA398089	SRR5935750
LloydPriceJ_2019.PRJNA398089	SRR5935751
LloydPriceJ_2019.PRJNA398089	SRR5935753
LloydPriceJ_2019.PRJNA398089	SRR5935754
LloydPriceJ_2019.PRJNA398089	SRR5935755
LloydPriceJ_2019.PRJNA398089	SRR5935761
LloydPriceJ_2019.PRJNA398089	SRR5935762
LloydPriceJ_2019.PRJNA398089	SRR5935766
LloydPriceJ_2019.PRJNA398089	SRR5935767
LloydPriceJ_2019.PRJNA398089	SRR5935768
LloydPriceJ_2019.PRJNA398089	SRR5935769
LloydPriceJ_2019.PRJNA398089	SRR5935770
LloydPriceJ_2019.PRJNA398089	SRR5935773
LloydPriceJ_2019.PRJNA398089	SRR5935774
LloydPriceJ_2019.PRJNA398089	SRR5935775
LloydPriceJ_2019.PRJNA398089	SRR5935777
LloydPriceJ_2019.PRJNA398089	SRR5935778
LloydPriceJ_2019.PRJNA398089	SRR5935781
LloydPriceJ_2019.PRJNA398089	SRR5935785
LloydPriceJ_2019.PRJNA398089	SRR5935786
LloydPriceJ_2019.PRJNA398089	SRR5935787
LloydPriceJ_2019.PRJNA398089	SRR5935788
LloydPriceJ_2019.PRJNA398089	SRR5935790
LloydPriceJ_2019.PRJNA398089	SRR5935791
LloydPriceJ_2019.PRJNA398089	SRR5935792
LloydPriceJ_2019.PRJNA398089	SRR5935796
LloydPriceJ_2019.PRJNA398089	SRR5935798
LloydPriceJ_2019.PRJNA398089	SRR5935800
LloydPriceJ_2019.PRJNA398089	SRR5935801
LloydPriceJ_2019.PRJNA398089	SRR5935802
LloydPriceJ_2019.PRJNA398089	SRR5935803
LloydPriceJ_2019.PRJNA398089	SRR5935807
LloydPriceJ_2019.PRJNA398089	SRR5935812
LloydPriceJ_2019.PRJNA398089	SRR5935814
LloydPriceJ_2019.PRJNA398089	SRR5935816
LloydPriceJ_2019.PRJNA398089	SRR5935818
LloydPriceJ_2019.PRJNA398089	SRR5935822
LloydPriceJ_2019.PRJNA398089	SRR5935825
LloydPriceJ_2019.PRJNA398089	SRR5935826
LloydPriceJ_2019.PRJNA398089	SRR5935827
LloydPriceJ_2019.PRJNA398089	SRR5935832
LloydPriceJ_2019.PRJNA398089	SRR5935833
LloydPriceJ_2019.PRJNA398089	SRR5935834
LloydPriceJ_2019.PRJNA398089	SRR5935836
LloydPriceJ_2019.PRJNA398089	SRR5935840
LloydPriceJ_2019.PRJNA398089	SRR5935842
LloydPriceJ_2019.PRJNA398089	SRR5935845
LloydPriceJ_2019.PRJNA398089	SRR5935849
LloydPriceJ_2019.PRJNA398089	SRR5935852
LloydPriceJ_2019.PRJNA398089	SRR5935853
LloydPriceJ_2019.PRJNA398089	SRR5935854
LloydPriceJ_2019.PRJNA398089	SRR5935855
LloydPriceJ_2019.PRJNA398089	SRR5935857
LloydPriceJ_2019.PRJNA398089	SRR5935858
LloydPriceJ_2019.PRJNA398089	SRR5935859
LloydPriceJ_2019.PRJNA398089	SRR5935860
LloydPriceJ_2019.PRJNA398089	SRR5935861
LloydPriceJ_2019.PRJNA398089	SRR5935863
LloydPriceJ_2019.PRJNA398089	SRR5935864
LloydPriceJ_2019.PRJNA398089	SRR5935866
LloydPriceJ_2019.PRJNA398089	SRR5935867
LloydPriceJ_2019.PRJNA398089	SRR5935869
LloydPriceJ_2019.PRJNA398089	SRR5935870
LloydPriceJ_2019.PRJNA398089	SRR5935871
LloydPriceJ_2019.PRJNA398089	SRR5935872
LloydPriceJ_2019.PRJNA398089	SRR5935873
LloydPriceJ_2019.PRJNA398089	SRR5935875
LloydPriceJ_2019.PRJNA398089	SRR5935876
LloydPriceJ_2019.PRJNA398089	SRR5935878
LloydPriceJ_2019.PRJNA398089	SRR5935880
LloydPriceJ_2019.PRJNA398089	SRR5935881
LloydPriceJ_2019.PRJNA398089	SRR5935882
LloydPriceJ_2019.PRJNA398089	SRR5935883
LloydPriceJ_2019.PRJNA398089	SRR5935884
LloydPriceJ_2019.PRJNA398089	SRR5935885
LloydPriceJ_2019.PRJNA398089	SRR5935886
LloydPriceJ_2019.PRJNA398089	SRR5935887
LloydPriceJ_2019.PRJNA398089	SRR5935891
LloydPriceJ_2019.PRJNA398089	SRR5935895
LloydPriceJ_2019.PRJNA398089	SRR5935898
LloydPriceJ_2019.PRJNA398089	SRR5935901
LloydPriceJ_2019.PRJNA398089	SRR5935904
LloydPriceJ_2019.PRJNA398089	SRR5935906
LloydPriceJ_2019.PRJNA398089	SRR5935908
LloydPriceJ_2019.PRJNA398089	SRR5935909
LloydPriceJ_2019.PRJNA398089	SRR5935911
LloydPriceJ_2019.PRJNA398089	SRR5935912
LloydPriceJ_2019.PRJNA398089	SRR5935914
LloydPriceJ_2019.PRJNA398089	SRR5935915
LloydPriceJ_2019.PRJNA398089	SRR5935916
LloydPriceJ_2019.PRJNA398089	SRR5935917
LloydPriceJ_2019.PRJNA398089	SRR5935921
LloydPriceJ_2019.PRJNA398089	SRR5935922
LloydPriceJ_2019.PRJNA398089	SRR5935923
LloydPriceJ_2019.PRJNA398089	SRR5935924
LloydPriceJ_2019.PRJNA398089	SRR5935925
LloydPriceJ_2019.PRJNA398089	SRR5935926
LloydPriceJ_2019.PRJNA398089	SRR5935927
LloydPriceJ_2019.PRJNA398089	SRR5935930
LloydPriceJ_2019.PRJNA398089	SRR5935931
LloydPriceJ_2019.PRJNA398089	SRR5935932
LloydPriceJ_2019.PRJNA398089	SRR5935933
LloydPriceJ_2019.PRJNA398089	SRR5935934
LloydPriceJ_2019.PRJNA398089	SRR5935935
LloydPriceJ_2019.PRJNA398089	SRR5935936
LloydPriceJ_2019.PRJNA398089	SRR5935944
LloydPriceJ_2019.PRJNA398089	SRR5935945
LloydPriceJ_2019.PRJNA398089	SRR5935946
LloydPriceJ_2019.PRJNA398089	SRR5935947
LloydPriceJ_2019.PRJNA398089	SRR5935949
LloydPriceJ_2019.PRJNA398089	SRR5935950
LloydPriceJ_2019.PRJNA398089	SRR5935951
LloydPriceJ_2019.PRJNA398089	SRR5935952
LloydPriceJ_2019.PRJNA398089	SRR5935953
LloydPriceJ_2019.PRJNA398089	SRR5935954
LloydPriceJ_2019.PRJNA398089	SRR5935955
LloydPriceJ_2019.PRJNA398089	SRR5935957
LloydPriceJ_2019.PRJNA398089	SRR5935964
LloydPriceJ_2019.PRJNA398089	SRR5935965
LloydPriceJ_2019.PRJNA398089	SRR5935970
LloydPriceJ_2019.PRJNA398089	SRR5935971
LloydPriceJ_2019.PRJNA398089	SRR5935972
LloydPriceJ_2019.PRJNA398089	SRR5935975
LloydPriceJ_2019.PRJNA398089	SRR5935979
LloydPriceJ_2019.PRJNA398089	SRR5935980
LloydPriceJ_2019.PRJNA398089	SRR5935982
LloydPriceJ_2019.PRJNA398089	SRR5935983
LloydPriceJ_2019.PRJNA398089	SRR5935984
LloydPriceJ_2019.PRJNA398089	SRR5935985
LloydPriceJ_2019.PRJNA398089	SRR5935986
LloydPriceJ_2019.PRJNA398089	SRR5935987
LloydPriceJ_2019.PRJNA398089	SRR5935990
LloydPriceJ_2019.PRJNA398089	SRR5935995
LloydPriceJ_2019.PRJNA398089	SRR5935996
LloydPriceJ_2019.PRJNA398089	SRR5935997
LloydPriceJ_2019.PRJNA398089	SRR5935999
LloydPriceJ_2019.PRJNA398089	SRR5936001
LloydPriceJ_2019.PRJNA398089	SRR5936004
LloydPriceJ_2019.PRJNA398089	SRR5936005
LloydPriceJ_2019.PRJNA398089	SRR5936006
LloydPriceJ_2019.PRJNA398089	SRR5936007
LloydPriceJ_2019.PRJNA398089	SRR5936009
LloydPriceJ_2019.PRJNA398089	SRR5936010
LloydPriceJ_2019.PRJNA398089	SRR5936011
LloydPriceJ_2019.PRJNA398089	SRR5936014
LloydPriceJ_2019.PRJNA398089	SRR5936016
LloydPriceJ_2019.PRJNA398089	SRR5936017
LloydPriceJ_2019.PRJNA398089	SRR5936018
LloydPriceJ_2019.PRJNA398089	SRR5936019
LloydPriceJ_2019.PRJNA398089	SRR5936020
LloydPriceJ_2019.PRJNA398089	SRR5936021
LloydPriceJ_2019.PRJNA398089	SRR5936022
LloydPriceJ_2019.PRJNA398089	SRR5936023
LloydPriceJ_2019.PRJNA398089	SRR5936024
LloydPriceJ_2019.PRJNA398089	SRR5936029
LloydPriceJ_2019.PRJNA398089	SRR5936030
LloydPriceJ_2019.PRJNA398089	SRR5936033
LloydPriceJ_2019.PRJNA398089	SRR5936034
LloydPriceJ_2019.PRJNA398089	SRR5936036
LloydPriceJ_2019.PRJNA398089	SRR5936037
LloydPriceJ_2019.PRJNA398089	SRR5936038
LloydPriceJ_2019.PRJNA398089	SRR5936040
LloydPriceJ_2019.PRJNA398089	SRR5936044
LloydPriceJ_2019.PRJNA398089	SRR5936047
LloydPriceJ_2019.PRJNA398089	SRR5936049
LloydPriceJ_2019.PRJNA398089	SRR5936052
LloydPriceJ_2019.PRJNA398089	SRR5936056
LloydPriceJ_2019.PRJNA398089	SRR5936060
LloydPriceJ_2019.PRJNA398089	SRR5936064
LloydPriceJ_2019.PRJNA398089	SRR5936066
LloydPriceJ_2019.PRJNA398089	SRR5936067
LloydPriceJ_2019.PRJNA398089	SRR5936068
LloydPriceJ_2019.PRJNA398089	SRR5936071
LloydPriceJ_2019.PRJNA398089	SRR5936077
LloydPriceJ_2019.PRJNA398089	SRR5936080
LloydPriceJ_2019.PRJNA398089	SRR5936081
LloydPriceJ_2019.PRJNA398089	SRR5936084
LloydPriceJ_2019.PRJNA398089	SRR5936085
LloydPriceJ_2019.PRJNA398089	SRR5936086
LloydPriceJ_2019.PRJNA398089	SRR5936088
LloydPriceJ_2019.PRJNA398089	SRR5936091
LloydPriceJ_2019.PRJNA398089	SRR5936092
LloydPriceJ_2019.PRJNA398089	SRR5936094
LloydPriceJ_2019.PRJNA398089	SRR5936097
LloydPriceJ_2019.PRJNA398089	SRR5936098
LloydPriceJ_2019.PRJNA398089	SRR5936101
LloydPriceJ_2019.PRJNA398089	SRR5936102
LloydPriceJ_2019.PRJNA398089	SRR5936103
LloydPriceJ_2019.PRJNA398089	SRR5936104
LloydPriceJ_2019.PRJNA398089	SRR5936106
LloydPriceJ_2019.PRJNA398089	SRR5936107
LloydPriceJ_2019.PRJNA398089	SRR5936108
LloydPriceJ_2019.PRJNA398089	SRR5936109
LloydPriceJ_2019.PRJNA398089	SRR5936110
LloydPriceJ_2019.PRJNA398089	SRR5936111
LloydPriceJ_2019.PRJNA398089	SRR5936113
LloydPriceJ_2019.PRJNA398089	SRR5936114
LloydPriceJ_2019.PRJNA398089	SRR5936115
LloydPriceJ_2019.PRJNA398089	SRR5936117
LloydPriceJ_2019.PRJNA398089	SRR5936118
LloydPriceJ_2019.PRJNA398089	SRR5936119
LloydPriceJ_2019.PRJNA398089	SRR5936121
LloydPriceJ_2019.PRJNA398089	SRR5936123
LloydPriceJ_2019.PRJNA398089	SRR5936125
LloydPriceJ_2019.PRJNA398089	SRR5936126
LloydPriceJ_2019.PRJNA398089	SRR5936127
LloydPriceJ_2019.PRJNA398089	SRR5936128
LloydPriceJ_2019.PRJNA398089	SRR5936129
LloydPriceJ_2019.PRJNA398089	SRR5936131
LloydPriceJ_2019.PRJNA398089	SRR5936132
LloydPriceJ_2019.PRJNA398089	SRR5936133
LloydPriceJ_2019.PRJNA398089	SRR5936134
LloydPriceJ_2019.PRJNA398089	SRR5936135
LloydPriceJ_2019.PRJNA398089	SRR5936140
LloydPriceJ_2019.PRJNA398089	SRR5936143
LloydPriceJ_2019.PRJNA398089	SRR5936145
LloydPriceJ_2019.PRJNA398089	SRR5936147
LloydPriceJ_2019.PRJNA398089	SRR5936149
LloydPriceJ_2019.PRJNA398089	SRR5936150
LloydPriceJ_2019.PRJNA398089	SRR5936151
LloydPriceJ_2019.PRJNA398089	SRR5936153
LloydPriceJ_2019.PRJNA398089	SRR5936154
LloydPriceJ_2019.PRJNA398089	SRR5936156
LloydPriceJ_2019.PRJNA398089	SRR5936159
LloydPriceJ_2019.PRJNA398089	SRR5936160
LloydPriceJ_2019.PRJNA398089	SRR5936161
LloydPriceJ_2019.PRJNA398089	SRR5936163
LloydPriceJ_2019.PRJNA398089	SRR5936168
LloydPriceJ_2019.PRJNA398089	SRR5936169
LloydPriceJ_2019.PRJNA398089	SRR5936170
LloydPriceJ_2019.PRJNA398089	SRR5936171
LloydPriceJ_2019.PRJNA398089	SRR5936176
LloydPriceJ_2019.PRJNA398089	SRR5936177
LloydPriceJ_2019.PRJNA398089	SRR5936178
LloydPriceJ_2019.PRJNA398089	SRR5936181
LloydPriceJ_2019.PRJNA398089	SRR5936182
LloydPriceJ_2019.PRJNA398089	SRR5936185
LloydPriceJ_2019.PRJNA398089	SRR5936186
LloydPriceJ_2019.PRJNA398089	SRR5936189
LloydPriceJ_2019.PRJNA398089	SRR5936195
LloydPriceJ_2019.PRJNA398089	SRR5936196
LloydPriceJ_2019.PRJNA398089	SRR5936198
LloydPriceJ_2019.PRJNA398089	SRR5936199
LloydPriceJ_2019.PRJNA398089	SRR5936201
LloydPriceJ_2019.PRJNA398089	SRR5936203
LloydPriceJ_2019.PRJNA398089	SRR5936204
LloydPriceJ_2019.PRJNA398089	SRR5936206
LloydPriceJ_2019.PRJNA398089	SRR5936207
LloydPriceJ_2019.PRJNA398089	SRR5936210
LloydPriceJ_2019.PRJNA398089	SRR5936212
LloydPriceJ_2019.PRJNA398089	SRR5936213
LloydPriceJ_2019.PRJNA398089	SRR5936214
LloydPriceJ_2019.PRJNA398089	SRR5936215
LloydPriceJ_2019.PRJNA398089	SRR5936216
LloydPriceJ_2019.PRJNA398089	SRR5936217
LloydPriceJ_2019.PRJNA398089	SRR5936218
LloydPriceJ_2019.PRJNA398089	SRR5936219
LloydPriceJ_2019.PRJNA398089	SRR5936221
LloydPriceJ_2019.PRJNA398089	SRR5936222
LloydPriceJ_2019.PRJNA398089	SRR5936223
LloydPriceJ_2019.PRJNA398089	SRR5936224
LloydPriceJ_2019.PRJNA398089	SRR5936225
LloydPriceJ_2019.PRJNA398089	SRR5936226
LloydPriceJ_2019.PRJNA398089	SRR5936227
LloydPriceJ_2019.PRJNA398089	SRR5936230
LloydPriceJ_2019.PRJNA398089	SRR5936231
LloydPriceJ_2019.PRJNA398089	SRR5936232
LloydPriceJ_2019.PRJNA398089	SRR5936235
LloydPriceJ_2019.PRJNA398089	SRR5936236
LloydPriceJ_2019.PRJNA398089	SRR5936238
LloydPriceJ_2019.PRJNA398089	SRR5946605
LloydPriceJ_2019.PRJNA398089	SRR5946606
LloydPriceJ_2019.PRJNA398089	SRR5946607
LloydPriceJ_2019.PRJNA398089	SRR5946608
LloydPriceJ_2019.PRJNA398089	SRR5946609
LloydPriceJ_2019.PRJNA398089	SRR5946610
LloydPriceJ_2019.PRJNA398089	SRR5946612
LloydPriceJ_2019.PRJNA398089	SRR5946613
LloydPriceJ_2019.PRJNA398089	SRR5946616
LloydPriceJ_2019.PRJNA398089	SRR5946617
LloydPriceJ_2019.PRJNA398089	SRR5946619
LloydPriceJ_2019.PRJNA398089	SRR5946620
LloydPriceJ_2019.PRJNA398089	SRR5946621
LloydPriceJ_2019.PRJNA398089	SRR5946622
LloydPriceJ_2019.PRJNA398089	SRR5946623
LloydPriceJ_2019.PRJNA398089	SRR5946625
LloydPriceJ_2019.PRJNA398089	SRR5946626
LloydPriceJ_2019.PRJNA398089	SRR5946628
LloydPriceJ_2019.PRJNA398089	SRR5946633
LloydPriceJ_2019.PRJNA398089	SRR5946634
LloydPriceJ_2019.PRJNA398089	SRR5946636
LloydPriceJ_2019.PRJNA398089	SRR5946637
LloydPriceJ_2019.PRJNA398089	SRR5946641
LloydPriceJ_2019.PRJNA398089	SRR5946642
LloydPriceJ_2019.PRJNA398089	SRR5946643
LloydPriceJ_2019.PRJNA398089	SRR5946644
LloydPriceJ_2019.PRJNA398089	SRR5946646
LloydPriceJ_2019.PRJNA398089	SRR5946648
LloydPriceJ_2019.PRJNA398089	SRR5946649
LloydPriceJ_2019.PRJNA398089	SRR5946650
LloydPriceJ_2019.PRJNA398089	SRR5946651
LloydPriceJ_2019.PRJNA398089	SRR5946652
LloydPriceJ_2019.PRJNA398089	SRR5946653
LloydPriceJ_2019.PRJNA398089	SRR5946658
LloydPriceJ_2019.PRJNA398089	SRR5946659
LloydPriceJ_2019.PRJNA398089	SRR5946662
LloydPriceJ_2019.PRJNA398089	SRR5946664
LloydPriceJ_2019.PRJNA398089	SRR5946665
LloydPriceJ_2019.PRJNA398089	SRR5946666
LloydPriceJ_2019.PRJNA398089	SRR5946667
LloydPriceJ_2019.PRJNA398089	SRR5946668
LloydPriceJ_2019.PRJNA398089	SRR5946669
LloydPriceJ_2019.PRJNA398089	SRR5946670
LloydPriceJ_2019.PRJNA398089	SRR5946671
LloydPriceJ_2019.PRJNA398089	SRR5946674
LloydPriceJ_2019.PRJNA398089	SRR5946676
LloydPriceJ_2019.PRJNA398089	SRR5946677
LloydPriceJ_2019.PRJNA398089	SRR5946678
LloydPriceJ_2019.PRJNA398089	SRR5946680
LloydPriceJ_2019.PRJNA398089	SRR5946681
LloydPriceJ_2019.PRJNA398089	SRR5946682
LloydPriceJ_2019.PRJNA398089	SRR5946683
LloydPriceJ_2019.PRJNA398089	SRR5946684
LloydPriceJ_2019.PRJNA398089	SRR5946685
LloydPriceJ_2019.PRJNA398089	SRR5946686
LloydPriceJ_2019.PRJNA398089	SRR5946687
LloydPriceJ_2019.PRJNA398089	SRR5946689
LloydPriceJ_2019.PRJNA398089	SRR5946690
LloydPriceJ_2019.PRJNA398089	SRR5946692
LloydPriceJ_2019.PRJNA398089	SRR5946696
LloydPriceJ_2019.PRJNA398089	SRR5946699
LloydPriceJ_2019.PRJNA398089	SRR5946701
LloydPriceJ_2019.PRJNA398089	SRR5946702
LloydPriceJ_2019.PRJNA398089	SRR5946704
LloydPriceJ_2019.PRJNA398089	SRR5946712
LloydPriceJ_2019.PRJNA398089	SRR5946716
LloydPriceJ_2019.PRJNA398089	SRR5946717
LloydPriceJ_2019.PRJNA398089	SRR5946721
LloydPriceJ_2019.PRJNA398089	SRR5946722
LloydPriceJ_2019.PRJNA398089	SRR5946724
LloydPriceJ_2019.PRJNA398089	SRR5946727
LloydPriceJ_2019.PRJNA398089	SRR5946729
LloydPriceJ_2019.PRJNA398089	SRR5946730
LloydPriceJ_2019.PRJNA398089	SRR5946731
LloydPriceJ_2019.PRJNA398089	SRR5946732
LloydPriceJ_2019.PRJNA398089	SRR5946733
LloydPriceJ_2019.PRJNA398089	SRR5946736
LloydPriceJ_2019.PRJNA398089	SRR5946737
LloydPriceJ_2019.PRJNA398089	SRR5946738
LloydPriceJ_2019.PRJNA398089	SRR5946739
LloydPriceJ_2019.PRJNA398089	SRR5946740
LloydPriceJ_2019.PRJNA398089	SRR5946742
LloydPriceJ_2019.PRJNA398089	SRR5946744
LloydPriceJ_2019.PRJNA398089	SRR5946745
LloydPriceJ_2019.PRJNA398089	SRR5946746
LloydPriceJ_2019.PRJNA398089	SRR5946747
LloydPriceJ_2019.PRJNA398089	SRR5946748
LloydPriceJ_2019.PRJNA398089	SRR5946749
LloydPriceJ_2019.PRJNA398089	SRR5946751
LloydPriceJ_2019.PRJNA398089	SRR5946754
LloydPriceJ_2019.PRJNA398089	SRR5946756
LloydPriceJ_2019.PRJNA398089	SRR5946757
LloydPriceJ_2019.PRJNA398089	SRR5946759
LloydPriceJ_2019.PRJNA398089	SRR5946760
LloydPriceJ_2019.PRJNA398089	SRR5946765
LloydPriceJ_2019.PRJNA398089	SRR5946766
LloydPriceJ_2019.PRJNA398089	SRR5946767
LloydPriceJ_2019.PRJNA398089	SRR5946768
LloydPriceJ_2019.PRJNA398089	SRR5946770
LloydPriceJ_2019.PRJNA398089	SRR5946772
LloydPriceJ_2019.PRJNA398089	SRR5946774
LloydPriceJ_2019.PRJNA398089	SRR5946775
LloydPriceJ_2019.PRJNA398089	SRR5946776
LloydPriceJ_2019.PRJNA398089	SRR5946777
LloydPriceJ_2019.PRJNA398089	SRR5946778
LloydPriceJ_2019.PRJNA398089	SRR5946779
LloydPriceJ_2019.PRJNA398089	SRR5946780
LloydPriceJ_2019.PRJNA398089	SRR5946782
LloydPriceJ_2019.PRJNA398089	SRR5946784
LloydPriceJ_2019.PRJNA398089	SRR5946785
LloydPriceJ_2019.PRJNA398089	SRR5946786
LloydPriceJ_2019.PRJNA398089	SRR5946787
LloydPriceJ_2019.PRJNA398089	SRR5946788
LloydPriceJ_2019.PRJNA398089	SRR5946789
LloydPriceJ_2019.PRJNA398089	SRR5946790
LloydPriceJ_2019.PRJNA398089	SRR5946791
LloydPriceJ_2019.PRJNA398089	SRR5946792
LloydPriceJ_2019.PRJNA398089	SRR5946793
LloydPriceJ_2019.PRJNA398089	SRR5946794
LloydPriceJ_2019.PRJNA398089	SRR5946795
LloydPriceJ_2019.PRJNA398089	SRR5946796
LloydPriceJ_2019.PRJNA398089	SRR5946798
LloydPriceJ_2019.PRJNA398089	SRR5946800
LloydPriceJ_2019.PRJNA398089	SRR5946801
LloydPriceJ_2019.PRJNA398089	SRR5946802
LloydPriceJ_2019.PRJNA398089	SRR5946804
LloydPriceJ_2019.PRJNA398089	SRR5946805
LloydPriceJ_2019.PRJNA398089	SRR5946806
LloydPriceJ_2019.PRJNA398089	SRR5946807
LloydPriceJ_2019.PRJNA398089	SRR5946808
LloydPriceJ_2019.PRJNA398089	SRR5946809
LloydPriceJ_2019.PRJNA398089	SRR5946810
LloydPriceJ_2019.PRJNA398089	SRR5946811
LloydPriceJ_2019.PRJNA398089	SRR5946814
LloydPriceJ_2019.PRJNA398089	SRR5946815
LloydPriceJ_2019.PRJNA398089	SRR5946817
LloydPriceJ_2019.PRJNA398089	SRR5946818
LloydPriceJ_2019.PRJNA398089	SRR5946820
LloydPriceJ_2019.PRJNA398089	SRR5946821
LloydPriceJ_2019.PRJNA398089	SRR5946823
LloydPriceJ_2019.PRJNA398089	SRR5946826
LloydPriceJ_2019.PRJNA398089	SRR5946827
LloydPriceJ_2019.PRJNA398089	SRR5946829
LloydPriceJ_2019.PRJNA398089	SRR5946830
LloydPriceJ_2019.PRJNA398089	SRR5946832
LloydPriceJ_2019.PRJNA398089	SRR5946833
LloydPriceJ_2019.PRJNA398089	SRR5946834
LloydPriceJ_2019.PRJNA398089	SRR5946836
LloydPriceJ_2019.PRJNA398089	SRR5946838
LloydPriceJ_2019.PRJNA398089	SRR5946839
LloydPriceJ_2019.PRJNA398089	SRR5946840
LloydPriceJ_2019.PRJNA398089	SRR5946842
LloydPriceJ_2019.PRJNA398089	SRR5946844
LloydPriceJ_2019.PRJNA398089	SRR5946845
LloydPriceJ_2019.PRJNA398089	SRR5946846
LloydPriceJ_2019.PRJNA398089	SRR5946847
LloydPriceJ_2019.PRJNA398089	SRR5946849
LloydPriceJ_2019.PRJNA398089	SRR5946850
LloydPriceJ_2019.PRJNA398089	SRR5946851
LloydPriceJ_2019.PRJNA398089	SRR5946852
LloydPriceJ_2019.PRJNA398089	SRR5946853
LloydPriceJ_2019.PRJNA398089	SRR5946854
LloydPriceJ_2019.PRJNA398089	SRR5946857
LloydPriceJ_2019.PRJNA398089	SRR5946858
LloydPriceJ_2019.PRJNA398089	SRR5946859
LloydPriceJ_2019.PRJNA398089	SRR5946860
LloydPriceJ_2019.PRJNA398089	SRR5946861
LloydPriceJ_2019.PRJNA398089	SRR5946865
LloydPriceJ_2019.PRJNA398089	SRR5946866
LloydPriceJ_2019.PRJNA398089	SRR5946867
LloydPriceJ_2019.PRJNA398089	SRR5946868
LloydPriceJ_2019.PRJNA398089	SRR5946869
LloydPriceJ_2019.PRJNA398089	SRR5946870
LloydPriceJ_2019.PRJNA398089	SRR5946871
LloydPriceJ_2019.PRJNA398089	SRR5946872
LloydPriceJ_2019.PRJNA398089	SRR5946873
LloydPriceJ_2019.PRJNA398089	SRR5946874
LloydPriceJ_2019.PRJNA398089	SRR5946875
LloydPriceJ_2019.PRJNA398089	SRR5946876
LloydPriceJ_2019.PRJNA398089	SRR5946877
LloydPriceJ_2019.PRJNA398089	SRR5946878
LloydPriceJ_2019.PRJNA398089	SRR5946880
LloydPriceJ_2019.PRJNA398089	SRR5946881
LloydPriceJ_2019.PRJNA398089	SRR5946882
LloydPriceJ_2019.PRJNA398089	SRR5946883
LloydPriceJ_2019.PRJNA398089	SRR5946884
LloydPriceJ_2019.PRJNA398089	SRR5946888
LloydPriceJ_2019.PRJNA398089	SRR5946891
LloydPriceJ_2019.PRJNA398089	SRR5946892
LloydPriceJ_2019.PRJNA398089	SRR5946893
LloydPriceJ_2019.PRJNA398089	SRR5946898
LloydPriceJ_2019.PRJNA398089	SRR5946899
LloydPriceJ_2019.PRJNA398089	SRR5946900
LloydPriceJ_2019.PRJNA398089	SRR5946901
LloydPriceJ_2019.PRJNA398089	SRR5946904
LloydPriceJ_2019.PRJNA398089	SRR5946905
LloydPriceJ_2019.PRJNA398089	SRR5946906
LloydPriceJ_2019.PRJNA398089	SRR5946907
LloydPriceJ_2019.PRJNA398089	SRR5946909
LloydPriceJ_2019.PRJNA398089	SRR5946910
LloydPriceJ_2019.PRJNA398089	SRR5946911
LloydPriceJ_2019.PRJNA398089	SRR5946912
LloydPriceJ_2019.PRJNA398089	SRR5946914
LloydPriceJ_2019.PRJNA398089	SRR5946915
LloydPriceJ_2019.PRJNA398089	SRR5946916
LloydPriceJ_2019.PRJNA398089	SRR5946918
LloydPriceJ_2019.PRJNA398089	SRR5946920
LloydPriceJ_2019.PRJNA398089	SRR5946921
LloydPriceJ_2019.PRJNA398089	SRR5946924
LloydPriceJ_2019.PRJNA398089	SRR5946927
LloydPriceJ_2019.PRJNA398089	SRR5946929
LloydPriceJ_2019.PRJNA398089	SRR5946930
LloydPriceJ_2019.PRJNA398089	SRR5946931
LloydPriceJ_2019.PRJNA398089	SRR5946932
LloydPriceJ_2019.PRJNA398089	SRR5946933
LloydPriceJ_2019.PRJNA398089	SRR5946934
LloydPriceJ_2019.PRJNA398089	SRR5946935
LloydPriceJ_2019.PRJNA398089	SRR5946936
LloydPriceJ_2019.PRJNA398089	SRR5946937
LloydPriceJ_2019.PRJNA398089	SRR5946938
LloydPriceJ_2019.PRJNA398089	SRR5946939
LloydPriceJ_2019.PRJNA398089	SRR5946940
LloydPriceJ_2019.PRJNA398089	SRR5946942
LloydPriceJ_2019.PRJNA398089	SRR5946943
LloydPriceJ_2019.PRJNA398089	SRR5946944
LloydPriceJ_2019.PRJNA398089	SRR5946945
LloydPriceJ_2019.PRJNA398089	SRR5946946
LloydPriceJ_2019.PRJNA398089	SRR5946947
LloydPriceJ_2019.PRJNA398089	SRR5946948
LloydPriceJ_2019.PRJNA398089	SRR5946949
LloydPriceJ_2019.PRJNA398089	SRR5946950
LloydPriceJ_2019.PRJNA398089	SRR5946951
LloydPriceJ_2019.PRJNA398089	SRR5946952
LloydPriceJ_2019.PRJNA398089	SRR5946954
LloydPriceJ_2019.PRJNA398089	SRR5946958
LloydPriceJ_2019.PRJNA398089	SRR5946959
LloydPriceJ_2019.PRJNA398089	SRR5946961
LloydPriceJ_2019.PRJNA398089	SRR5946965
LloydPriceJ_2019.PRJNA398089	SRR5946967
LloydPriceJ_2019.PRJNA398089	SRR5946968
LloydPriceJ_2019.PRJNA398089	SRR5946970
LloydPriceJ_2019.PRJNA398089	SRR5946972
LloydPriceJ_2019.PRJNA398089	SRR5946973
LloydPriceJ_2019.PRJNA398089	SRR5946974
LloydPriceJ_2019.PRJNA398089	SRR5946975
LloydPriceJ_2019.PRJNA398089	SRR5946976
LloydPriceJ_2019.PRJNA398089	SRR5946978
LloydPriceJ_2019.PRJNA398089	SRR5946979
LloydPriceJ_2019.PRJNA398089	SRR5946980
LloydPriceJ_2019.PRJNA398089	SRR5946981
LloydPriceJ_2019.PRJNA398089	SRR5946984
LloydPriceJ_2019.PRJNA398089	SRR5946985
LloydPriceJ_2019.PRJNA398089	SRR5946986
LloydPriceJ_2019.PRJNA398089	SRR5946987
LloydPriceJ_2019.PRJNA398089	SRR5946988
LloydPriceJ_2019.PRJNA398089	SRR5946989
LloydPriceJ_2019.PRJNA398089	SRR5946990
LloydPriceJ_2019.PRJNA398089	SRR5946991
LloydPriceJ_2019.PRJNA398089	SRR5946992
LloydPriceJ_2019.PRJNA398089	SRR5946993
LloydPriceJ_2019.PRJNA398089	SRR5946995
LloydPriceJ_2019.PRJNA398089	SRR5946999
LloydPriceJ_2019.PRJNA398089	SRR5947000
LloydPriceJ_2019.PRJNA398089	SRR5947001
LloydPriceJ_2019.PRJNA398089	SRR5947002
LloydPriceJ_2019.PRJNA398089	SRR5947004
LloydPriceJ_2019.PRJNA398089	SRR5947005
LloydPriceJ_2019.PRJNA398089	SRR5947006
LloydPriceJ_2019.PRJNA398089	SRR5947007
LloydPriceJ_2019.PRJNA398089	SRR5947010
LloydPriceJ_2019.PRJNA398089	SRR5947011
LloydPriceJ_2019.PRJNA398089	SRR5947012
LloydPriceJ_2019.PRJNA398089	SRR5947013
LloydPriceJ_2019.PRJNA398089	SRR5947015
LloydPriceJ_2019.PRJNA398089	SRR5947017
LloydPriceJ_2019.PRJNA398089	SRR5947019
LloydPriceJ_2019.PRJNA398089	SRR5947020
LloydPriceJ_2019.PRJNA398089	SRR5947021
LloydPriceJ_2019.PRJNA398089	SRR5947022
LloydPriceJ_2019.PRJNA398089	SRR5947023
LloydPriceJ_2019.PRJNA398089	SRR5947026
LloydPriceJ_2019.PRJNA398089	SRR5947029
LloydPriceJ_2019.PRJNA398089	SRR5947030
LloydPriceJ_2019.PRJNA398089	SRR5947031
LloydPriceJ_2019.PRJNA398089	SRR5947032
LloydPriceJ_2019.PRJNA398089	SRR5947033
LloydPriceJ_2019.PRJNA398089	SRR5947035
LloydPriceJ_2019.PRJNA398089	SRR5947036
LloydPriceJ_2019.PRJNA398089	SRR5947037
LloydPriceJ_2019.PRJNA398089	SRR5947039
LloydPriceJ_2019.PRJNA398089	SRR5947040
LloydPriceJ_2019.PRJNA398089	SRR5947041
LloydPriceJ_2019.PRJNA398089	SRR5947042
LloydPriceJ_2019.PRJNA398089	SRR5947043
LloydPriceJ_2019.PRJNA398089	SRR5947044
LloydPriceJ_2019.PRJNA398089	SRR5947046
LloydPriceJ_2019.PRJNA398089	SRR5947049
LloydPriceJ_2019.PRJNA398089	SRR5947050
LloydPriceJ_2019.PRJNA398089	SRR5947051
LloydPriceJ_2019.PRJNA398089	SRR5947052
LloydPriceJ_2019.PRJNA398089	SRR5947053
LloydPriceJ_2019.PRJNA398089	SRR5947055
LloydPriceJ_2019.PRJNA398089	SRR5947058
LloydPriceJ_2019.PRJNA398089	SRR5947059
LloydPriceJ_2019.PRJNA398089	SRR5947061
LloydPriceJ_2019.PRJNA398089	SRR5947062
LloydPriceJ_2019.PRJNA398089	SRR5947063
LloydPriceJ_2019.PRJNA398089	SRR5947066
LloydPriceJ_2019.PRJNA398089	SRR5947069
LloydPriceJ_2019.PRJNA398089	SRR5947070
LloydPriceJ_2019.PRJNA398089	SRR5947073
LloydPriceJ_2019.PRJNA398089	SRR5947074
LloydPriceJ_2019.PRJNA398089	SRR5947077
LloydPriceJ_2019.PRJNA398089	SRR5947078
LloydPriceJ_2019.PRJNA398089	SRR5947079
LloydPriceJ_2019.PRJNA398089	SRR5947085
LloydPriceJ_2019.PRJNA398089	SRR5947086
LloydPriceJ_2019.PRJNA398089	SRR5947088
LloydPriceJ_2019.PRJNA398089	SRR5947089
LloydPriceJ_2019.PRJNA398089	SRR5947090
LloydPriceJ_2019.PRJNA398089	SRR5947091
LloydPriceJ_2019.PRJNA398089	SRR5947092
LloydPriceJ_2019.PRJNA398089	SRR5947095
LloydPriceJ_2019.PRJNA398089	SRR5947096
LloydPriceJ_2019.PRJNA398089	SRR5947097
LloydPriceJ_2019.PRJNA398089	SRR5947098
LloydPriceJ_2019.PRJNA398089	SRR5947100
LloydPriceJ_2019.PRJNA398089	SRR5947101
LloydPriceJ_2019.PRJNA398089	SRR5947102
LloydPriceJ_2019.PRJNA398089	SRR5947104
SchirmerM_2018.PRJNA389280	SRR5947807
SchirmerM_2018.PRJNA389280	SRR5947808
SchirmerM_2018.PRJNA389280	SRR5947809
SchirmerM_2018.PRJNA389280	SRR5947810
SchirmerM_2018.PRJNA389280	SRR5947811
SchirmerM_2018.PRJNA389280	SRR5947812
SchirmerM_2018.PRJNA389280	SRR5947813
SchirmerM_2018.PRJNA389280	SRR5947814
SchirmerM_2018.PRJNA389280	SRR5947815
SchirmerM_2018.PRJNA389280	SRR5947816
SchirmerM_2018.PRJNA389280	SRR5947817
SchirmerM_2018.PRJNA389280	SRR5947818
SchirmerM_2018.PRJNA389280	SRR5947819
SchirmerM_2018.PRJNA389280	SRR5947820
SchirmerM_2018.PRJNA389280	SRR5947821
SchirmerM_2018.PRJNA389280	SRR5947822
SchirmerM_2018.PRJNA389280	SRR5947823
SchirmerM_2018.PRJNA389280	SRR5947824
SchirmerM_2018.PRJNA389280	SRR5947825
SchirmerM_2018.PRJNA389280	SRR5947826
SchirmerM_2018.PRJNA389280	SRR5947827
SchirmerM_2018.PRJNA389280	SRR5947828
SchirmerM_2018.PRJNA389280	SRR5947829
SchirmerM_2018.PRJNA389280	SRR5947830
SchirmerM_2018.PRJNA389280	SRR5947831
SchirmerM_2018.PRJNA389280	SRR5947832
SchirmerM_2018.PRJNA389280	SRR5947833
SchirmerM_2018.PRJNA389280	SRR5947834
SchirmerM_2018.PRJNA389280	SRR5947835
SchirmerM_2018.PRJNA389280	SRR5947836
SchirmerM_2018.PRJNA389280	SRR5947837
SchirmerM_2018.PRJNA389280	SRR5947838
SchirmerM_2018.PRJNA389280	SRR5947839
SchirmerM_2018.PRJNA389280	SRR5947840
SchirmerM_2018.PRJNA389280	SRR5947841
SchirmerM_2018.PRJNA389280	SRR5947842
SchirmerM_2018.PRJNA389280	SRR5947843
SchirmerM_2018.PRJNA389280	SRR5947844
SchirmerM_2018.PRJNA389280	SRR5947845
SchirmerM_2018.PRJNA389280	SRR5947846
SchirmerM_2018.PRJNA389280	SRR5947847
SchirmerM_2018.PRJNA389280	SRR5947848
SchirmerM_2018.PRJNA389280	SRR5947849
SchirmerM_2018.PRJNA389280	SRR5947850
SchirmerM_2018.PRJNA389280	SRR5947851
SchirmerM_2018.PRJNA389280	SRR5947852
SchirmerM_2018.PRJNA389280	SRR5947853
SchirmerM_2018.PRJNA389280	SRR5947854
SchirmerM_2018.PRJNA389280	SRR5947855
SchirmerM_2018.PRJNA389280	SRR5947856
SchirmerM_2018.PRJNA389280	SRR5947857
SchirmerM_2018.PRJNA389280	SRR5947858
SchirmerM_2018.PRJNA389280	SRR5947859
SchirmerM_2018.PRJNA389280	SRR5947860
SchirmerM_2018.PRJNA389280	SRR5947861
SchirmerM_2018.PRJNA389280	SRR5947862
SchirmerM_2018.PRJNA389280	SRR5947863
SchirmerM_2018.PRJNA389280	SRR5947864
SchirmerM_2018.PRJNA389280	SRR5947865
SchirmerM_2018.PRJNA389280	SRR5947866
SchirmerM_2018.PRJNA389280	SRR5947867
SchirmerM_2018.PRJNA389280	SRR5947868
SchirmerM_2018.PRJNA389280	SRR5947869
SchirmerM_2018.PRJNA389280	SRR5947870
SchirmerM_2018.PRJNA389280	SRR5947871
SchirmerM_2018.PRJNA389280	SRR5947872
SchirmerM_2018.PRJNA389280	SRR5947873
SchirmerM_2018.PRJNA389280	SRR5947874
SchirmerM_2018.PRJNA389280	SRR5947875
SchirmerM_2018.PRJNA389280	SRR5947876
SchirmerM_2018.PRJNA389280	SRR5947877
SchirmerM_2018.PRJNA389280	SRR5947878
SchirmerM_2018.PRJNA389280	SRR5947879
SchirmerM_2018.PRJNA389280	SRR5947880
SchirmerM_2018.PRJNA389280	SRR5947881
SchirmerM_2018.PRJNA389280	SRR5947882
SchirmerM_2018.PRJNA389280	SRR5947883
SchirmerM_2018.PRJNA389280	SRR5947884
SchirmerM_2018.PRJNA389280	SRR5983264
SchirmerM_2018.PRJNA389280	SRR5983265
SchirmerM_2018.PRJNA389280	SRR5983266
SchirmerM_2018.PRJNA389280	SRR5983267
SchirmerM_2018.PRJNA389280	SRR5983268
SchirmerM_2018.PRJNA389280	SRR5983269
SchirmerM_2018.PRJNA389280	SRR5983270
SchirmerM_2018.PRJNA389280	SRR5983271
SchirmerM_2018.PRJNA389280	SRR5983272
SchirmerM_2018.PRJNA389280	SRR5983273
SchirmerM_2018.PRJNA389280	SRR5983274
SchirmerM_2018.PRJNA389280	SRR5983275
SchirmerM_2018.PRJNA389280	SRR5983276
SchirmerM_2018.PRJNA389280	SRR5983277
SchirmerM_2018.PRJNA389280	SRR5983278
SchirmerM_2018.PRJNA389280	SRR5983279
SchirmerM_2018.PRJNA389280	SRR5983280
SchirmerM_2018.PRJNA389280	SRR5983281
SchirmerM_2018.PRJNA389280	SRR5983282
SchirmerM_2018.PRJNA389280	SRR5983283
SchirmerM_2018.PRJNA389280	SRR5983284
SchirmerM_2018.PRJNA389280	SRR5983285
SchirmerM_2018.PRJNA389280	SRR5983286
SchirmerM_2018.PRJNA389280	SRR5983287
SchirmerM_2018.PRJNA389280	SRR5983288
SchirmerM_2018.PRJNA389280	SRR5983289
SchirmerM_2018.PRJNA389280	SRR5983291
SchirmerM_2018.PRJNA389280	SRR5983292
SchirmerM_2018.PRJNA389280	SRR5983293
SchirmerM_2018.PRJNA389280	SRR5983294
SchirmerM_2018.PRJNA389280	SRR5983295
SchirmerM_2018.PRJNA389280	SRR5983296
SchirmerM_2018.PRJNA389280	SRR5983297
SchirmerM_2018.PRJNA389280	SRR5983298
SchirmerM_2018.PRJNA389280	SRR5983299
SchirmerM_2018.PRJNA389280	SRR5983300
SchirmerM_2018.PRJNA389280	SRR5983301
SchirmerM_2018.PRJNA389280	SRR5983302
SchirmerM_2018.PRJNA389280	SRR5983303
SchirmerM_2018.PRJNA389280	SRR5983304
SchirmerM_2018.PRJNA389280	SRR5983306
SchirmerM_2018.PRJNA389280	SRR5983307
SchirmerM_2018.PRJNA389280	SRR5983308
SchirmerM_2018.PRJNA389280	SRR5983309
SchirmerM_2018.PRJNA389280	SRR5983310
SchirmerM_2018.PRJNA389280	SRR5983311
SchirmerM_2018.PRJNA389280	SRR5983312
SchirmerM_2018.PRJNA389280	SRR5983313
SchirmerM_2018.PRJNA389280	SRR5983314
SchirmerM_2018.PRJNA389280	SRR5983315
SchirmerM_2018.PRJNA389280	SRR5983316
SchirmerM_2018.PRJNA389280	SRR5983317
SchirmerM_2018.PRJNA389280	SRR5983318
SchirmerM_2018.PRJNA389280	SRR5983319
SchirmerM_2018.PRJNA389280	SRR5983320
SchirmerM_2018.PRJNA389280	SRR5983321
SchirmerM_2018.PRJNA389280	SRR5983323
SchirmerM_2018.PRJNA389280	SRR5983324
SchirmerM_2018.PRJNA389280	SRR5983325
SchirmerM_2018.PRJNA389280	SRR5983326
SchirmerM_2018.PRJNA389280	SRR5983327
SchirmerM_2018.PRJNA389280	SRR5983328
SchirmerM_2018.PRJNA389280	SRR5983329
SchirmerM_2018.PRJNA389280	SRR5983330
SchirmerM_2018.PRJNA389280	SRR5983331
SchirmerM_2018.PRJNA389280	SRR5983332
SchirmerM_2018.PRJNA389280	SRR5983333
SchirmerM_2018.PRJNA389280	SRR5983334
SchirmerM_2018.PRJNA389280	SRR5983335
SchirmerM_2018.PRJNA389280	SRR5983337
SchirmerM_2018.PRJNA389280	SRR5983338
SchirmerM_2018.PRJNA389280	SRR5983339
SchirmerM_2018.PRJNA389280	SRR5983340
SchirmerM_2018.PRJNA389280	SRR5983341
SchirmerM_2018.PRJNA389280	SRR5983342
SchirmerM_2018.PRJNA389280	SRR5983343
SchirmerM_2018.PRJNA389280	SRR5983344
SchirmerM_2018.PRJNA389280	SRR5983345
SchirmerM_2018.PRJNA389280	SRR5983346
SchirmerM_2018.PRJNA389280	SRR5983347
SchirmerM_2018.PRJNA389280	SRR5983348
SchirmerM_2018.PRJNA389280	SRR5983349
SchirmerM_2018.PRJNA389280	SRR5983350
SchirmerM_2018.PRJNA389280	SRR5983351
SchirmerM_2018.PRJNA389280	SRR5983352
SchirmerM_2018.PRJNA389280	SRR5983353
SchirmerM_2018.PRJNA389280	SRR5983354
SchirmerM_2018.PRJNA389280	SRR5983355
SchirmerM_2018.PRJNA389280	SRR5983356
SchirmerM_2018.PRJNA389280	SRR5983357
SchirmerM_2018.PRJNA389280	SRR5983359
SchirmerM_2018.PRJNA389280	SRR5983360
SchirmerM_2018.PRJNA389280	SRR5983361
SchirmerM_2018.PRJNA389280	SRR5983362
SchirmerM_2018.PRJNA389280	SRR5983363
SchirmerM_2018.PRJNA389280	SRR5983364
SchirmerM_2018.PRJNA389280	SRR5983365
SchirmerM_2018.PRJNA389280	SRR5983366
SchirmerM_2018.PRJNA389280	SRR5983367
SchirmerM_2018.PRJNA389280	SRR5983368
SchirmerM_2018.PRJNA389280	SRR5983369
SchirmerM_2018.PRJNA389280	SRR5983372
SchirmerM_2018.PRJNA389280	SRR5983374
SchirmerM_2018.PRJNA389280	SRR5983376
SchirmerM_2018.PRJNA389280	SRR5983377
SchirmerM_2018.PRJNA389280	SRR5983378
SchirmerM_2018.PRJNA389280	SRR5983379
SchirmerM_2018.PRJNA389280	SRR5983380
SchirmerM_2018.PRJNA389280	SRR5983381
SchirmerM_2018.PRJNA389280	SRR5983382
SchirmerM_2018.PRJNA389280	SRR5983383
SchirmerM_2018.PRJNA389280	SRR5983384
SchirmerM_2018.PRJNA389280	SRR5983385
SchirmerM_2018.PRJNA389280	SRR5983386
SchirmerM_2018.PRJNA389280	SRR5983387
SchirmerM_2018.PRJNA389280	SRR5983388
SchirmerM_2018.PRJNA389280	SRR5983389
SchirmerM_2018.PRJNA389280	SRR5983390
SchirmerM_2018.PRJNA389280	SRR5983391
SchirmerM_2018.PRJNA389280	SRR5983392
SchirmerM_2018.PRJNA389280	SRR5983393
SchirmerM_2018.PRJNA389280	SRR5983394
SchirmerM_2018.PRJNA389280	SRR5983395
SchirmerM_2018.PRJNA389280	SRR5983396
SchirmerM_2018.PRJNA389280	SRR5983397
SchirmerM_2018.PRJNA389280	SRR5983398
SchirmerM_2018.PRJNA389280	SRR5983399
SchirmerM_2018.PRJNA389280	SRR5983400
SchirmerM_2018.PRJNA389280	SRR5983401
SchirmerM_2018.PRJNA389280	SRR5983402
SchirmerM_2018.PRJNA389280	SRR5983403
SchirmerM_2018.PRJNA389280	SRR5983404
SchirmerM_2018.PRJNA389280	SRR5983405
SchirmerM_2018.PRJNA389280	SRR5983406
SchirmerM_2018.PRJNA389280	SRR5983407
SchirmerM_2018.PRJNA389280	SRR5983408
SchirmerM_2018.PRJNA389280	SRR5983409
SchirmerM_2018.PRJNA389280	SRR5983411
SchirmerM_2018.PRJNA389280	SRR5983412
SchirmerM_2018.PRJNA389280	SRR5983413
SchirmerM_2018.PRJNA389280	SRR5983414
SchirmerM_2018.PRJNA389280	SRR5983415
SchirmerM_2018.PRJNA389280	SRR5983416
SchirmerM_2018.PRJNA389280	SRR5983417
SchirmerM_2018.PRJNA389280	SRR5983418
SchirmerM_2018.PRJNA389280	SRR5983419
SchirmerM_2018.PRJNA389280	SRR5983420
SchirmerM_2018.PRJNA389280	SRR5983421
SchirmerM_2018.PRJNA389280	SRR5983422
SchirmerM_2018.PRJNA389280	SRR5983423
SchirmerM_2018.PRJNA389280	SRR5983424
SchirmerM_2018.PRJNA389280	SRR5983425
SchirmerM_2018.PRJNA389280	SRR5983426
SchirmerM_2018.PRJNA389280	SRR5983427
SchirmerM_2018.PRJNA389280	SRR5983428
SchirmerM_2018.PRJNA389280	SRR5983429
SchirmerM_2018.PRJNA389280	SRR5983430
SchirmerM_2018.PRJNA389280	SRR5983431
SchirmerM_2018.PRJNA389280	SRR5983432
SchirmerM_2018.PRJNA389280	SRR5983433
SchirmerM_2018.PRJNA389280	SRR5983434
SchirmerM_2018.PRJNA389280	SRR5983435
SchirmerM_2018.PRJNA389280	SRR5983436
SchirmerM_2018.PRJNA389280	SRR5983437
SchirmerM_2018.PRJNA389280	SRR5983438
SchirmerM_2018.PRJNA389280	SRR5983439
SchirmerM_2018.PRJNA389280	SRR5983440
SchirmerM_2018.PRJNA389280	SRR5983441
SchirmerM_2018.PRJNA389280	SRR5983442
SchirmerM_2018.PRJNA389280	SRR5983443
SchirmerM_2018.PRJNA389280	SRR5983444
SchirmerM_2018.PRJNA389280	SRR5983445
SchirmerM_2018.PRJNA389280	SRR5983446
SchirmerM_2018.PRJNA389280	SRR5983447
SchirmerM_2018.PRJNA389280	SRR5983448
SchirmerM_2018.PRJNA389280	SRR5983449
SchirmerM_2018.PRJNA389280	SRR5983450
SchirmerM_2018.PRJNA389280	SRR5983451
SchirmerM_2018.PRJNA389280	SRR5983459
SchirmerM_2018.PRJNA389280	SRR5983462
SchirmerM_2018.PRJNA389280	SRR5983463
SchirmerM_2018.PRJNA389280	SRR5983464
SchirmerM_2018.PRJNA389280	SRR5983465
SchirmerM_2018.PRJNA389280	SRR5983466
SchirmerM_2018.PRJNA389280	SRR5983467
SchirmerM_2018.PRJNA389280	SRR5983468
SchirmerM_2018.PRJNA389280	SRR5983469
SchirmerM_2018.PRJNA389280	SRR5983470
SchirmerM_2018.PRJNA389280	SRR5983471
SchirmerM_2018.PRJNA389280	SRR5983472
SchirmerM_2018.PRJNA389280	SRR5983473
SchirmerM_2018.PRJNA389280	SRR5983474
SchirmerM_2018.PRJNA389280	SRR5983475
SchirmerM_2018.PRJNA389280	SRR5983476
SchirmerM_2018.PRJNA389280	SRR5983477
SchirmerM_2018.PRJNA389280	SRR5983478
SchirmerM_2018.PRJNA389280	SRR5983479
SchirmerM_2018.PRJNA389280	SRR5983480
SchirmerM_2018.PRJNA389280	SRR5983481
SchirmerM_2018.PRJNA389280	SRR5983484
WengY_2019.PRJNA429990	SRR6504843
WengY_2019.PRJNA429990	SRR6504844
WengY_2019.PRJNA429990	SRR6504845
WengY_2019.PRJNA429990	SRR6504846
WengY_2019.PRJNA429990	SRR6504847
WengY_2019.PRJNA429990	SRR6504848
WengY_2019.PRJNA429990	SRR6504849
WengY_2019.PRJNA429990	SRR6504850
WengY_2019.PRJNA429990	SRR6504851
WengY_2019.PRJNA429990	SRR6504852
WengY_2019.PRJNA429990	SRR6504853
WengY_2019.PRJNA429990	SRR6504854
WengY_2019.PRJNA429990	SRR6504855
WengY_2019.PRJNA429990	SRR6504856
WengY_2019.PRJNA429990	SRR6504857
WengY_2019.PRJNA429990	SRR6504858
WengY_2019.PRJNA429990	SRR6504859
WengY_2019.PRJNA429990	SRR6504860
WengY_2019.PRJNA429990	SRR6504861
WengY_2019.PRJNA429990	SRR6504862
WengY_2019.PRJNA429990	SRR6504863
WengY_2019.PRJNA429990	SRR6504864
WengY_2019.PRJNA429990	SRR6504865
WengY_2019.PRJNA429990	SRR6504866
WengY_2019.PRJNA429990	SRR6504867
WengY_2019.PRJNA429990	SRR6504868
WengY_2019.PRJNA429990	SRR6504869
WengY_2019.PRJNA429990	SRR6504870
WengY_2019.PRJNA429990	SRR6504871
WengY_2019.PRJNA429990	SRR6504872
WengY_2019.PRJNA429990	SRR6504873
WengY_2019.PRJNA429990	SRR6504874
WengY_2019.PRJNA429990	SRR6504875
WengY_2019.PRJNA429990	SRR6504876
WengY_2019.PRJNA429990	SRR6504877
WengY_2019.PRJNA429990	SRR6504878
WengY_2019.PRJNA429990	SRR6504879
WengY_2019.PRJNA429990	SRR6504880
WengY_2019.PRJNA429990	SRR6504881
WengY_2019.PRJNA429990	SRR6504882
WengY_2019.PRJNA429990	SRR6504883
WengY_2019.PRJNA429990	SRR6504884
WengY_2019.PRJNA429990	SRR6504885
WengY_2019.PRJNA429990	SRR6504886
WengY_2019.PRJNA429990	SRR6504887
WengY_2019.PRJNA429990	SRR6504888
WengY_2019.PRJNA429990	SRR6504889
WengY_2019.PRJNA429990	SRR6504890
WengY_2019.PRJNA429990	SRR6504891
WengY_2019.PRJNA429990	SRR6504892
WengY_2019.PRJNA429990	SRR6504893
WengY_2019.PRJNA429990	SRR6504894
WengY_2019.PRJNA429990	SRR6504895
WengY_2019.PRJNA429990	SRR6504896
WengY_2019.PRJNA429990	SRR6504897
WengY_2019.PRJNA429990	SRR6504898
WengY_2019.PRJNA429990	SRR6504899
WengY_2019.PRJNA429990	SRR6504900
WengY_2019.PRJNA429990	SRR6504901
WengY_2019.PRJNA429990	SRR6504902
WengY_2019.PRJNA429990	SRR6504903
WengY_2019.PRJNA429990	SRR6504904
WengY_2019.PRJNA429990	SRR6504905
WengY_2019.PRJNA429990	SRR6504906
WengY_2019.PRJNA429990	SRR6504907
WengY_2019.PRJNA429990	SRR6504908
WengY_2019.PRJNA429990	SRR6504909
WengY_2019.PRJNA429990	SRR6504910
WengY_2019.PRJNA429990	SRR6504911
WengY_2019.PRJNA429990	SRR6504912
WengY_2019.PRJNA429990	SRR6504913
WengY_2019.PRJNA429990	SRR6504914
WengY_2019.PRJNA429990	SRR6504915
WengY_2019.PRJNA429990	SRR6504916
WengY_2019.PRJNA429990	SRR6504917
WengY_2019.PRJNA429990	SRR6504918
WengY_2019.PRJNA429990	SRR6504919
WengY_2019.PRJNA429990	SRR6504920
WengY_2019.PRJNA429990	SRR6504921
WengY_2019.PRJNA429990	SRR6504922
WengY_2019.PRJNA429990	SRR6504923
YanQ_2023c.PRJEB67456	ERR12268000
YanQ_2023c.PRJEB67456	ERR12268027
YanQ_2023c.PRJEB67456	ERR12268029
YanQ_2023c.PRJEB67456	ERR12268032
YanQ_2023c.PRJEB67456	ERR12268034
YanQ_2023c.PRJEB67456	ERR12268037
YanQ_2023c.PRJEB67456	ERR12268040
YanQ_2023c.PRJEB67456	ERR12268044
YanQ_2023c.PRJEB67456	ERR12268050
YanQ_2023c.PRJEB67456	ERR12268053
YanQ_2023c.PRJEB67456	ERR12268056
YanQ_2023c.PRJEB67456	ERR12268058
YanQ_2023c.PRJEB67456	ERR12268104
YanQ_2023c.PRJEB67456	ERR12268148
YanQ_2023c.PRJEB67456	ERR12268152
YanQ_2023c.PRJEB67456	ERR12268173
YanQ_2023c.PRJEB67456	ERR12268298
YanQ_2023c.PRJEB67456	ERR12268310
YanQ_2023c.PRJEB67456	ERR12268318
YanQ_2023c.PRJEB67456	ERR12268323
YanQ_2023c.PRJEB67456	ERR12268325
YanQ_2023c.PRJEB67456	ERR12268690
YanQ_2023c.PRJEB67456	ERR12302069
YanQ_2023c.PRJEB67456	ERR12302187
YanQ_2023c.PRJEB67456	ERR12302188
YanQ_2023c.PRJEB67456	ERR12302190
YanQ_2023c.PRJEB67456	ERR12302192
YanQ_2023c.PRJEB67456	ERR12302193
YanQ_2023c.PRJEB67456	ERR12302194
YanQ_2023c.PRJEB67456	ERR12302196
YanQ_2023c.PRJEB67456	ERR12302197
YanQ_2023c.PRJEB67456	ERR12302198
YanQ_2023c.PRJEB67456	ERR12302201
YanQ_2023c.PRJEB67456	ERR12302203
YanQ_2023c.PRJEB67456	ERR12302205
YanQ_2023c.PRJEB67456	ERR12304080
YanQ_2023c.PRJEB67456	ERR12304086
YanQ_2023c.PRJEB67456	ERR12304091
YanQ_2023c.PRJEB67456	ERR12304098
YanQ_2023c.PRJEB67456	ERR12304102
YanQ_2023c.PRJEB67456	ERR12304108
YanQ_2023c.PRJEB67456	ERR12304114
YanQ_2023c.PRJEB67456	ERR12304120
YanQ_2023c.PRJEB67456	ERR12304125
YanQ_2023c.PRJEB67456	ERR12304133
YanQ_2023c.PRJEB67456	ERR12304139
YanQ_2023c.PRJEB67456	ERR12304147
YanQ_2023c.PRJEB67456	ERR12304159
YanQ_2023c.PRJEB67456	ERR12304167
YanQ_2023c.PRJEB67456	ERR12304176
YanQ_2023c.PRJEB67456	ERR12304185
YanQ_2023c.PRJEB67456	ERR12304190
YanQ_2023c.PRJEB67456	ERR12304196
YanQ_2023c.PRJEB67456	ERR12304200
YanQ_2023c.PRJEB67456	ERR12304201
YanQ_2023c.PRJEB67456	ERR12304203
YanQ_2023c.PRJEB67456	ERR12304207
YanQ_2023c.PRJEB67456	ERR12304208
YanQ_2023c.PRJEB67456	ERR12304210
YanQ_2023c.PRJEB67456	ERR12304212
YanQ_2023c.PRJEB67456	ERR12304213
YanQ_2023c.PRJEB67456	ERR12304216
YanQ_2023c.PRJEB67456	ERR12304218
YanQ_2023c.PRJEB67456	ERR12304219
YanQ_2023c.PRJEB67456	ERR12304221
YanQ_2023c.PRJEB67456	ERR12304223
YanQ_2023c.PRJEB67456	ERR12304226
YanQ_2023c.PRJEB67456	ERR12304229
YanQ_2023c.PRJEB67456	ERR12304231
YanQ_2023c.PRJEB67456	ERR12304233
YanQ_2023c.PRJEB67456	ERR12304234
YanQ_2023c.PRJEB67456	ERR12304236
YanQ_2023c.PRJEB67456	ERR12304238
YanQ_2023c.PRJEB67456	ERR12304241
YanQ_2023c.PRJEB67456	ERR12304243
YanQ_2023c.PRJEB67456	ERR12304246
YanQ_2023c.PRJEB67456	ERR12304249
YanQ_2023c.PRJEB67456	ERR12304252
YanQ_2023c.PRJEB67456	ERR12304255
YanQ_2023c.PRJEB67456	ERR12304258
YanQ_2023c.PRJEB67456	ERR12304262
YanQ_2023c.PRJEB67456	ERR12304265
YanQ_2023c.PRJEB67456	ERR12304272
YanQ_2023c.PRJEB67456	ERR12304275
YanQ_2023c.PRJEB67456	ERR12304280
YanQ_2023c.PRJEB67456	ERR12304284
YanQ_2023c.PRJEB67456	ERR12304287
YanQ_2023c.PRJEB67456	ERR12304292
YanQ_2023c.PRJEB67456	ERR12304296
YanQ_2023c.PRJEB67456	ERR12304300
YanQ_2023c.PRJEB67456	ERR12304305
YanQ_2023c.PRJEB67456	ERR12304312
YanQ_2023c.PRJEB67456	ERR12304321
YanQ_2023c.PRJEB67456	ERR12304324
YanQ_2023c.PRJEB67456	ERR12304328
YanQ_2023c.PRJEB67456	ERR12304332
YanQ_2023c.PRJEB67456	ERR12304334
YanQ_2023c.PRJEB67456	ERR12304336
YanQ_2023c.PRJEB67456	ERR12304337
YanQ_2023c.PRJEB67456	ERR12304339
YanQ_2023c.PRJEB67456	ERR12304341
YanQ_2023c.PRJEB67456	ERR12304342
YanQ_2023c.PRJEB67456	ERR12304343
YanQ_2023c.PRJEB67456	ERR12304345
YanQ_2023c.PRJEB67456	ERR12304346
YanQ_2023c.PRJEB67456	ERR12304348
YanQ_2023c.PRJEB67456	ERR12304349
YanQ_2023c.PRJEB67456	ERR12304350
YanQ_2023c.PRJEB67456	ERR12304351
YanQ_2023c.PRJEB67456	ERR12304353
YanQ_2023c.PRJEB67456	ERR12304354
YanQ_2023c.PRJEB67456	ERR12304355
YanQ_2023c.PRJEB67456	ERR12304358
YanQ_2023c.PRJEB67456	ERR12304359
YanQ_2023c.PRJEB67456	ERR12304361
YanQ_2023c.PRJEB67456	ERR12304363
YanQ_2023c.PRJEB67456	ERR12304364
YanQ_2023c.PRJEB67456	ERR12304365
YanQ_2023c.PRJEB67456	ERR12304366
YanQ_2023c.PRJEB67456	ERR12304369
YanQ_2023c.PRJEB67456	ERR12304371
YanQ_2023c.PRJEB67456	ERR12304372
YanQ_2023c.PRJEB67456	ERR12304373
YanQ_2023c.PRJEB67456	ERR12304375
YanQ_2023c.PRJEB67456	ERR12304376
YanQ_2023c.PRJEB67456	ERR12304378
YanQ_2023c.PRJEB67456	ERR12304381
YanQ_2023c.PRJEB67456	ERR12304382
YanQ_2023c.PRJEB67456	ERR12304383
YanQ_2023c.PRJEB67456	ERR12304386
YanQ_2023c.PRJEB67456	ERR12304387
YanQ_2023c.PRJEB67456	ERR12304388
YanQ_2023c.PRJEB67456	ERR12304390
YanQ_2023c.PRJEB67456	ERR12304393
YanQ_2023c.PRJEB67456	ERR12304395
YanQ_2023c.PRJEB67456	ERR12304397
YanQ_2023c.PRJEB67456	ERR12304398
YanQ_2023c.PRJEB67456	ERR12304400
YanQ_2023c.PRJEB67456	ERR12304403
